{
  "version": 1,
  "author": "surendra melam",
  "editor": "wokwi",
  "parts": [
    { "type": "wokwi-arduino-uno", "id": "uno", "top": 115.8, "left": 85.8, "attrs": {} },
    {
      "type": "wokwi-led",
      "id": "led1",
      "top": -13.2,
      "left": 272.6,
      "attrs": { "color": "red" }
    },
    {
      "type": "wokwi-led",
      "id": "led2",
      "top": -3.6,
      "left": 138.2,
      "attrs": { "color": "purple" }
    },
    {
      "type": "wokwi-led",
      "id": "led3",
      "top": -13.2,
      "left": 186.2,
      "attrs": { "color": "cyan" }
    }
  ],
  "connections": [
    [ "led1:A", "uno:2", "green", [ "v0" ] ],
    [ "led3:A", "uno:5", "green", [ "v0" ] ],
    [ "led2:A", "uno:7", "green", [ "v0" ] ],
    [ "led2:C", "uno:GND.1", "black", [ "v0" ] ],
    [ "led3:C", "uno:GND.1", "black", [ "v0" ] ],
    [ "led1:C", "uno:GND.1", "black", [ "v0" ] ]
  ],
  "dependencies": {}
}